Echelon,Storage Room, Commodity, Quantity
1,SA3D,16 RISERS 6 X 8,5
1,SA3D,32 RISERS 6 X 8,5
1,SA3D,PODIUM,12
1,SA3D,SETS OF STAGE STEPS,8
1,SA3M,16 RISERS 6 X 8,5
1,SA3M,32 RISERS 6 X 8,6
1,SA3M,PODIUM,1
1,SA3M,SETS OF STAGE STEPS,3
1,SA4A,16 RISERS 6 X 8,5
1,SA4A,32 RISERS 6 X 8,5
1,SA4A,SETS OF STAGE STEPS,4
1,SB2-2,SETS OF STAGE STEPS,5
1,SB2-4,16 RISERS 6 X 8,4
1,SB2-4,6 X 30 TABLES,415
1,SB2-4,66 ROUND TABLES,1060
1,SB2-5,MEETING ROOM CHAIRS,16126
1,SB2-5,30 COCKTAIL ROUNDS,36
1,SB2-5,30 STAND UP ROUNDS,20
1,SB2-5,32 RISERS 6 X 8,27
1,SB2-5,6 X 18 TABLES,280
1,SB2-5,8 X 18 TABLES,656
1,SB2-5,8 X 30 TABLES,508
1,SB2-5,PODIUM,3
1,SB2-5,SETS OF STAGE STEPS,2
1,SB3-1,32 RISERS 6 X 8,3
1,SB3-9,16 RISERS 6 X 8,3
1,SB3-9,32 RISERS 6 X 8,1
1,SB3-9,PODIUM,2
1,SB3-9,SETS OF STAGE STEPS,3
1,SB3-12,16 RISERS 6 X 8,3
1,SB3-12,32 RISERS 6 X 8,3
1,SB3-12,PODIUM,9
1,SB3-12,SETS OF STAGE STEPS,8
1,SB3-13,16 RISERS 6 X 8,3
1,SB3-13,32 RISERS 6 X 8,5
1,SB3-13,PODIUM,1
1,SB3-13,SETS OF STAGE STEPS,3
1,SB4-1,PODIUM,1
1,SB4-1,SETS OF STAGE STEPS,1
1,SB4-3,PODIUM,11
1,SB4-3,16 RISERS 6 X 8,1
1,SB4-3,32 RISERS 6 X 8,2
1,SB4-3,SETS OF STAGE STEPS,1
1,SB4-7,16 RISERS 6 X 8,1
1,SB4-9,16 RISERS 6 X 8,10
1,SB4-9,32 RISERS 6 X 8,5
1,SB4-9,PODIUM,5
1,SB4-9,SETS OF STAGE STEPS,6
1,SC2-2,16 RISERS 6 X 8,5
1,SC2-2,PODIUM,3
1,SC2-2,SETS OF STAGE STEPS,10
1,SC2-4,16 RISERS 6 X 8,8
1,SC2-4,30 COCKTAIL ROUNDS,16
1,SC2-4,30 STAND UP ROUNDS,13
1,SC2-4,6 X 30 TABLES,9
1,SC2-4,66 ROUND TABLES,12
1,SC2-4,8 X 30 TABLES,14
1,SC2-4,MEETING ROOM CHAIRS,36
1,SC2-4,PODIUM,2
1,SC2-4,SETS OF STAGE STEPS,4
1,SC3-4,16 RISERS 6 X 8,5
1,SC3-4,PODIUM,2
1,SC3-4,SETS OF STAGE STEPS,2
2,SA1DD,16 RISERS 6 X 8,19
2,SA1DD,32 RISERS 6 X 8,15
2,SA1DD,6 X 30 TABLES,142
2,SA1DD,66 ROUND TABLES,774
2,SA1DD,PODIUM,20
2,SA1DD,SETS OF STAGE STEPS,22
2,SA3C,16 RISERS 6 X 8,10
2,SA3C,32 RISERS 6 X 8,10
2,SA3C,PODIUM,13
2,SA3C,SETS OF STAGE STEPS,8
2,SA3M,16 RISERS 6 X 8,5
2,SA3M,32 RISERS 6 X 8,6
2,SA3M,PODIUM,1
2,SA3M,SETS OF STAGE STEPS,3
2,SA4B,SETS OF STAGE STEPS,4
2,SB2-2,SETS OF STAGE STEPS,5
2,SB2-4,MEETING ROOM CHAIRS,12667
2,SB2-4,30 COCKTAIL ROUNDS,36
2,SB2-4,30 STAND UP ROUNDS,46
2,SB2-4,32 RISERS 6 X 8,27
2,SB2-4,8 X 30 TABLES,508
2,SB2-4,PODIUM,3
2,SB2-4,SETS OF STAGE STEPS,2
2,SB2-6,MEETING ROOM CHAIRS,3.64E-12
2,SB3-2,32 RISERS 6 X 8,3
2,SB4-1,PODIUM,1
2,SB4-1,SETS OF STAGE STEPS,1
2,SB4-3,16 RISERS 6 X 8,1
2,SB4-3,32 RISERS 6 X 8,2
2,SB4-3,PODIUM,8
2,SB4-3,SETS OF STAGE STEPS,1
2,SB4-6,16 RISERS 6 X 8,4
2,SB4-7,16 RISERS 6 X 8,1
2,SB5-2,16 RISERS 6 X 8,4
2,SB5-2,SETS OF STAGE STEPS,2
2,SC1-1,6 X 30 TABLES,15
2,SC1-1,MEETING ROOM CHAIRS,1419
2,SC1-1,6 X 18 TABLES,9
2,SC1-1,8 X 18 TABLES,15
2,SC1-1,8 X 30 TABLES,1
2,SC2-2,16 RISERS 6 X 8,5
2,SC2-2,6 X 30 TABLES,15
2,SC2-2,MEETING ROOM CHAIRS,1526
2,SC2-2,SETS OF STAGE STEPS,10
2,SC2-2,6 X 18 TABLES,25
2,SC2-2,PODIUM,3
2,SC2-3,6 X 30 TABLES,247
2,SC2-3,MEETING ROOM CHAIRS,551
2,SC2-3,6 X 18 TABLES,227
2,SC2-3,8 X 18 TABLES,660
2,SC2-3,SETS OF STAGE STEPS,1
2,SC2-3,66 ROUND TABLES,495
2,SC2-4,16 RISERS 6 X 8,8
2,SC2-4,SETS OF STAGE STEPS,3
2,SC2-4,30 COCKTAIL ROUNDS,16
2,SC2-4,30 STAND UP ROUNDS,13
2,SC2-4,6 X 18 TABLES,19
2,SC2-4,6 X 30 TABLES,9
2,SC2-4,66 ROUND TABLES,12
2,SC2-4,8 X 18 TABLES,29
2,SC2-4,8 X 30 TABLES,14
2,SC2-4,PODIUM,2
2,SC3-4,16 RISERS 6 X 8,5
2,SC3-4,SETS OF STAGE STEPS,2
2,SC3-4,8 X 30 TABLES,18
2,SC3-4,MEETING ROOM CHAIRS,46
2,SC3-4,PODIUM,2
2,SC3-5,66 ROUND TABLES,6
2,SC3-5,MEETING ROOM CHAIRS,145
3,SA3C,16 RISERS 6 X 8,10
3,SA3C,32 RISERS 6 X 8,10
3,SA3C,PODIUM,13
3,SA3C,SETS OF STAGE STEPS,8
3,SA3M,16 RISERS 6 X 8,5
3,SA3M,32 RISERS 6 X 8,6
3,SA3M,66 ROUND TABLES,495
3,SA3M,MEETING ROOM CHAIRS,107
3,SA3M,PODIUM,1
3,SA3M,SETS OF STAGE STEPS,3
3,SB2-5,MEETING ROOM CHAIRS,5963
3,SB2-5,30 COCKTAIL ROUNDS,4
3,SB2-5,30 STAND UP ROUNDS,3
3,SB2-5,32 RISERS 6 X 8,10
3,SB2-5,8 X 30 TABLES,213
3,SB2-5,PODIUM,3
3,SB2-5,SETS OF STAGE STEPS,2
3,SB2-6,MEETING ROOM CHAIRS,3.64E-12
3,SB3-1,MEETING ROOM CHAIRS,1722
3,SB3-2,8 X 30 TABLES,41
3,SB3-2,MEETING ROOM CHAIRS,149
3,SB3-2,32 RISERS 6 X 8,3
3,SB3-9,MEETING ROOM CHAIRS,734
3,SB3-10,MEETING ROOM CHAIRS,506
3,SB3-10,32 RISERS 6 X 8,10
3,SB3-10,8 X 30 TABLES,137
3,SB3-11,MEETING ROOM CHAIRS,501
3,SB4-1,PODIUM,1
3,SB4-1,SETS OF STAGE STEPS,1
3,SB4-3,16 RISERS 6 X 8,1
3,SB4-3,MEETING ROOM CHAIRS,1689
3,SB4-3,32 RISERS 6 X 8,2
3,SB4-3,PODIUM,8
3,SB4-3,SETS OF STAGE STEPS,1
3,SB4-6,16 RISERS 6 X 8,4
3,SB4-6,30 COCKTAIL ROUNDS,32
3,SB4-6,8 X 30 TABLES,117
3,SB4-6,MEETING ROOM CHAIRS,290
3,SB4-6,30 STAND UP ROUNDS,43
3,SB4-7,MEETING ROOM CHAIRS,505
3,SB4-8,16 RISERS 6 X 8,1
3,SB4-8,32 RISERS 6 X 8,7
3,SB4-8,MEETING ROOM CHAIRS,501
3,SB5-2,16 RISERS 6 X 8,19
3,SB5-2,32 RISERS 6 X 8,15
3,SB5-2,66 ROUND TABLES,774
3,SB5-2,PODIUM,20
3,SB5-2,SETS OF STAGE STEPS,22
3,SB5-2,6 X 30 TABLES,379
3,SB5-2,8 X 18 TABLES,648
3,SB5-2,6 X 18 TABLES,202
3,SC2-2,PODIUM,5
3,SC2-2,30 COCKTAIL ROUNDS,16
3,SC2-2,30 STAND UP ROUNDS,13
3,SC2-2,6 X 18 TABLES,19
3,SC2-2,6 X 30 TABLES,9
3,SC2-2,66 ROUND TABLES,12
3,SC2-2,8 X 18 TABLES,29
3,SC2-2,8 X 30 TABLES,14
3,SC3-1,PODIUM,2
4,SA1C,MEETING ROOM CHAIRS,1446
4,SA1C,16 RISERS 6 X 8,13
4,SA1C,32 RISERS 6 X 8,16
4,SA1C,PODIUM,12
4,SA1C,SETS OF STAGE STEPS,14
4,SA1C,66 ROUND TABLES,294
4,SA1CC,SETS OF STAGE STEPS,8
4,SA1CC,16 RISERS 6 X 8,4
4,SA1CC,MEETING ROOM CHAIRS,944
4,SA3C,30 COCKTAIL ROUNDS,4
4,SA3C,30 STAND UP ROUNDS,3
4,SA3C,8 X 30 TABLES,22
4,SA3C,MEETING ROOM CHAIRS,1278
4,SA3C,66 ROUND TABLES,3
4,SA3C,PODIUM,13
4,SA3G,6 X 30 TABLES,419
4,SA3G,MEETING ROOM CHAIRS,3860
4,SA3G,66 ROUND TABLES,734
4,SA3G,8 X 30 TABLES,505
4,SA3G,6 X 18 TABLES,261
4,SA3G,PODIUM,1
4,SA3G,32 RISERS 6 X 8,16
4,SA3G,8 X 18 TABLES,675
4,SA3G,SETS OF STAGE STEPS,3
4,SA3G,16 RISERS 6 X 8,21
4,SB2-2,MEETING ROOM CHAIRS,1689
4,SB2-2,32 RISERS 6 X 8,2
4,SB2-2,66 ROUND TABLES,14
4,SB2-2,PODIUM,8
4,SB2-2,SETS OF STAGE STEPS,1
4,SB2-4,MEETING ROOM CHAIRS,526
4,SB2-4,PODIUM,3
4,SB2-4,SETS OF STAGE STEPS,2
4,SB3-4,MEETING ROOM CHAIRS,859
4,SB3-5,MEETING ROOM CHAIRS,1540
4,SB3-6,66 ROUND TABLES,178
4,SB3-6,32 RISERS 6 X 8,3
4,SB3-7,32 RISERS 6 X 8,9
4,SB3-7,MEETING ROOM CHAIRS,187
4,SB3-13,16 RISERS 6 X 8,4
4,SB3-13,32 RISERS 6 X 8,4
4,SB4-1,30 COCKTAIL ROUNDS,32
4,SB4-1,30 STAND UP ROUNDS,43
4,SB4-1,32 RISERS 6 X 8,1
4,SB4-1,66 ROUND TABLES,52
4,SB4-1,MEETING ROOM CHAIRS,149
4,SB4-1,PODIUM,1
4,SB4-1,SETS OF STAGE STEPS,1
4,SB4-4,MEETING ROOM CHAIRS,713
4,SB4-4,PODIUM,8
4,SB4-6,32 RISERS 6 X 8,12
4,SB4-6,SETS OF STAGE STEPS,8
4,SB4-10,16 RISERS 6 X 8,6
4,SB4-10,MEETING ROOM CHAIRS,895
4,SC2-2,PODIUM,2
4,SC2-4,30 COCKTAIL ROUNDS,16
4,SC2-4,30 STAND UP ROUNDS,13
4,SC2-4,6 X 18 TABLES,19
4,SC2-4,6 X 30 TABLES,9
4,SC2-4,66 ROUND TABLES,12
4,SC2-4,8 X 18 TABLES,29
4,SC2-4,8 X 30 TABLES,14
4,SC2-4,MEETING ROOM CHAIRS,36
4,SC2-4,PODIUM,2
4,SC2-4,SETS OF STAGE STEPS,1
4,SC3-1,PODIUM,2
4,SC3-2,MEETING ROOM CHAIRS,2232
4,SC3-2,PODIUM,1
4,SC3-2,SETS OF STAGE STEPS,26
4,SC3-2,16 RISERS 6 X 8,14
5,SA1C,MEETING ROOM CHAIRS,2917
5,SA1C,PODIUM,1
5,SA1DD,MEETING ROOM CHAIRS,836
5,SA1CC,MEETING ROOM CHAIRS,1314
5,SA1CC,PODIUM,13
5,SA3C,32 RISERS 6 X 8,16
5,SA3C,SETS OF STAGE STEPS,3
5,SA4A,MEETING ROOM CHAIRS,2072
5,SB2-2,6 X 18 TABLES,257
5,SB2-2,8 X 18 TABLES,554
5,SB2-2,8 X 30 TABLES,392
5,SB2-2,6 X 30 TABLES,261
5,SB2-2,66 ROUND TABLES,162
5,SB2-3,30 STAND UP ROUNDS,9
5,SB2-3,66 ROUND TABLES,177
5,SB2-3,MEETING ROOM CHAIRS,973
5,SB2-6,PODIUM,3
5,SB2-6,SETS OF STAGE STEPS,2
5,SB3-4,MEETING ROOM CHAIRS,1689
5,SB3-4,6 X 30 TABLES,40
5,SB3-4,8 X 18 TABLES,121
5,SB3-4,8 X 30 TABLES,60
5,SB3-8,6 X 30 TABLES,73
5,SB3-12,32 RISERS 6 X 8,12
5,SB3-12,MEETING ROOM CHAIRS,592
5,SB3-12,16 RISERS 6 X 8,3
5,SB3-12,30 COCKTAIL ROUNDS,32
5,SB3-12,30 STAND UP ROUNDS,34
5,SB3-12,66 ROUND TABLES,52
5,SB3-12,PODIUM,9
5,SB3-12,SETS OF STAGE STEPS,8
5,SB3-13,16 RISERS 6 X 8,10
5,SB3-13,MEETING ROOM CHAIRS,769
5,SB3-13,32 RISERS 6 X 8,13
5,SB3-13,66 ROUND TABLES,169
5,SB3-13,PODIUM,3
5,SB3-13,SETS OF STAGE STEPS,6
5,SB4-2,16 RISERS 6 X 8,3
5,SB4-2,32 RISERS 6 X 8,3
5,SB4-2,MEETING ROOM CHAIRS,1838
5,SB4-2,PODIUM,9
5,SB4-2,SETS OF STAGE STEPS,2
5,SB4-8,16 RISERS 6 X 8,11
5,SB4-8,MEETING ROOM CHAIRS,1452
5,SB4-8,32 RISERS 6 X 8,19
5,SB4-8,66 ROUND TABLES,140
5,SB4-8,PODIUM,8
5,SB4-8,SETS OF STAGE STEPS,8
5,SB4-9,MEETING ROOM CHAIRS,290
5,SB5-1,16 RISERS 6 X 8,21
5,SB5-1,66 ROUND TABLES,570
5,SB5-2,8 X 30 TABLES,38
5,SC2-2,PODIUM,2
5,SC2-4,30 COCKTAIL ROUNDS,16
5,SC2-4,30 STAND UP ROUNDS,13
5,SC2-4,6 X 18 TABLES,19
5,SC2-4,6 X 30 TABLES,9
5,SC2-4,66 ROUND TABLES,12
5,SC2-4,8 X 18 TABLES,29
5,SC2-4,8 X 30 TABLES,14
5,SC2-4,MEETING ROOM CHAIRS,36
5,SC2-4,PODIUM,2
5,SC2-4,SETS OF STAGE STEPS,1
5,SC3-1,MEETING ROOM CHAIRS,771
5,SC3-1,PODIUM,3
5,SC3-1,SETS OF STAGE STEPS,26
5,SC3-6,16 RISERS 6 X 8,14
6,SA1DD,MEETING ROOM CHAIRS,1315
6,SA1DD,16 RISERS 6 X 8,24
6,SA1DD,32 RISERS 6 X 8,3
6,SA1DD,PODIUM,10
6,SA1DD,SETS OF STAGE STEPS,2
6,SA3C,MEETING ROOM CHAIRS,2072
6,SA3C,32 RISERS 6 X 8,16
6,SA3C,SETS OF STAGE STEPS,3
6,SA3D,SETS OF STAGE STEPS,8
6,SA3D,PODIUM,13
6,SA4B,8 X 30 TABLES,1
6,SB2-2,MEETING ROOM CHAIRS,1.14E-13
6,SB2-3,6 X 30 TABLES,8
6,SB2-3,MEETING ROOM CHAIRS,953
6,SB2-3,66 ROUND TABLES,2
6,SB2-4,6 X 30 TABLES,4
6,SB2-4,MEETING ROOM CHAIRS,1102
6,SB2-4,16 RISERS 6 X 8,2
6,SB2-4,32 RISERS 6 X 8,6
6,SB2-6,PODIUM,3
6,SB2-6,SETS OF STAGE STEPS,2
6,SB3-1,MEETING ROOM CHAIRS,1240
6,SB3-2,6 X 30 TABLES,18
6,SB3-2,MEETING ROOM CHAIRS,149
6,SB3-5,MEETING ROOM CHAIRS,2.84E-14
6,SB3-6,32 RISERS 6 X 8,9
6,SB3-6,MEETING ROOM CHAIRS,505
6,SB3-6,PODIUM,3
6,SB3-6,SETS OF STAGE STEPS,6
6,SB3-11,16 RISERS 6 X 8,9
6,SB3-11,6 X 18 TABLES,181
6,SB3-11,6 X 30 TABLES,117
6,SB3-11,66 ROUND TABLES,169
6,SB3-11,8 X 18 TABLES,406
6,SB3-11,8 X 30 TABLES,60
6,SB3-11,MEETING ROOM CHAIRS,273
6,SB3-12,MEETING ROOM CHAIRS,592
6,SB3-12,16 RISERS 6 X 8,3
6,SB3-12,30 COCKTAIL ROUNDS,36
6,SB3-12,30 STAND UP ROUNDS,34
6,SB3-12,32 RISERS 6 X 8,10
6,SB3-12,6 X 30 TABLES,40
6,SB3-12,66 ROUND TABLES,52
6,SB3-12,8 X 18 TABLES,121
6,SB3-12,8 X 30 TABLES,60
6,SB3-12,PODIUM,9
6,SB3-12,SETS OF STAGE STEPS,8
6,SB4-2,6 X 30 TABLES,230
6,SB4-2,66 ROUND TABLES,342
6,SB4-2,MEETING ROOM CHAIRS,1689
6,SB4-2,6 X 18 TABLES,80
6,SB4-2,8 X 18 TABLES,148
6,SB4-2,8 X 30 TABLES,334
6,SB4-4,6 X 30 TABLES,2
6,SB4-9,16 RISERS 6 X 8,10
6,SB4-9,32 RISERS 6 X 8,19
6,SB4-9,66 ROUND TABLES,140
6,SB4-9,MEETING ROOM CHAIRS,951
6,SB4-9,PODIUM,8
6,SB4-9,SETS OF STAGE STEPS,8
6,SB5-1,MEETING ROOM CHAIRS,4706
6,SB5-1,66 ROUND TABLES,554
6,SB5-1,8 X 30 TABLES,66
6,SC2-2,PODIUM,2
6,SC2-4,30 COCKTAIL ROUNDS,16
6,SC2-4,30 STAND UP ROUNDS,13
6,SC2-4,6 X 18 TABLES,19
6,SC2-4,6 X 30 TABLES,9
6,SC2-4,66 ROUND TABLES,12
6,SC2-4,8 X 18 TABLES,29
6,SC2-4,8 X 30 TABLES,14
6,SC2-4,MEETING ROOM CHAIRS,36
6,SC2-4,PODIUM,2
6,SC2-4,SETS OF STAGE STEPS,1
6,SC3-2,16 RISERS 6 X 8,14
6,SC3-2,MEETING ROOM CHAIRS,771
6,SC3-2,PODIUM,3
6,SC3-2,SETS OF STAGE STEPS,26
6,SC3-3,30 STAND UP ROUNDS,12
6,SC3-3,66 ROUND TABLES,16
6,SC3-3,8 X 30 TABLES,6
7,SA1DD,16 RISERS 6 X 8,21
7,SA1DD,MEETING ROOM CHAIRS,1126
7,SA1DD,PODIUM,14
7,SA1DD,SETS OF STAGE STEPS,7
7,SA1CC,MEETING ROOM CHAIRS,2072
7,SA1CC,32 RISERS 6 X 8,16
7,SA1CC,6 X 30 TABLES,115
7,SA1CC,66 ROUND TABLES,694
7,SA1CC,SETS OF STAGE STEPS,3
7,SB2-2,6 X 18 TABLES,181
7,SB2-2,6 X 30 TABLES,250
7,SB2-2,8 X 18 TABLES,554
7,SB2-2,8 X 30 TABLES,334
7,SB2-2,32 RISERS 6 X 8,6
7,SB2-2,66 ROUND TABLES,342
7,SB2-2,MEETING ROOM CHAIRS,159
7,SB2-2,PODIUM,3
7,SB2-2,SETS OF STAGE STEPS,6
7,SB2-4,32 RISERS 6 X 8,4
7,SB2-4,MEETING ROOM CHAIRS,346
7,SB2-6,MEETING ROOM CHAIRS,595
7,SB2-6,PODIUM,3
7,SB2-6,SETS OF STAGE STEPS,2
7,SB3-2,8 X 30 TABLES,120
7,SB3-2,MEETING ROOM CHAIRS,1538
7,SB3-2,16 RISERS 6 X 8,3
7,SB3-2,30 COCKTAIL ROUNDS,36
7,SB3-2,30 STAND UP ROUNDS,34
7,SB3-2,32 RISERS 6 X 8,3
7,SB3-2,6 X 18 TABLES,80
7,SB3-2,6 X 30 TABLES,40
7,SB3-2,66 ROUND TABLES,221
7,SB3-2,8 X 18 TABLES,121
7,SB3-2,PODIUM,9
7,SB3-2,SETS OF STAGE STEPS,8
7,SB3-5,MEETING ROOM CHAIRS,1679
7,SB3-5,16 RISERS 6 X 8,3
7,SB3-5,32 RISERS 6 X 8,3
7,SB3-5,PODIUM,9
7,SB3-5,SETS OF STAGE STEPS,2
7,SB3-12,16 RISERS 6 X 8,10
7,SB3-12,MEETING ROOM CHAIRS,501
7,SB3-12,32 RISERS 6 X 8,10
7,SB4-6,MEETING ROOM CHAIRS,159
7,SB4-9,MEETING ROOM CHAIRS,2244
7,SB4-9,16 RISERS 6 X 8,11
7,SB4-9,32 RISERS 6 X 8,21
7,SB4-9,PODIUM,8
7,SB4-9,SETS OF STAGE STEPS,8
7,SB5-1,MEETING ROOM CHAIRS,4706
7,SB5-1,8 X 30 TABLES,66
7,SC2-2,PODIUM,2
7,SC2-4,30 COCKTAIL ROUNDS,16
7,SC2-4,30 STAND UP ROUNDS,13
7,SC2-4,6 X 18 TABLES,19
7,SC2-4,6 X 30 TABLES,9
7,SC2-4,66 ROUND TABLES,12
7,SC2-4,8 X 18 TABLES,29
7,SC2-4,8 X 30 TABLES,14
7,SC2-4,MEETING ROOM CHAIRS,36
7,SC2-4,PODIUM,2
7,SC2-4,SETS OF STAGE STEPS,1
7,SC3-2,16 RISERS 6 X 8,14
7,SC3-2,MEETING ROOM CHAIRS,771
7,SC3-2,PODIUM,3
7,SC3-2,SETS OF STAGE STEPS,26
8,SA1DD,MEETING ROOM CHAIRS,1166
8,SA1DD,6 X 18 TABLES,80
8,SA1DD,PODIUM,14
8,SA1DD,16 RISERS 6 X 8,21
8,SA1DD,SETS OF STAGE STEPS,7
8,SA1CC,66 ROUND TABLES,1040
8,SA1CC,8 X 30 TABLES,292
8,SA1CC,6 X 30 TABLES,368
8,SA1CC,MEETING ROOM CHAIRS,2072
8,SA1CC,32 RISERS 6 X 8,16
8,SA1CC,6 X 18 TABLES,171
8,SA1CC,8 X 18 TABLES,538
8,SA1CC,SETS OF STAGE STEPS,3
8,SA3C,MEETING ROOM CHAIRS,26
8,SA3C,8 X 30 TABLES,63
8,SA4B,8 X 30 TABLES,10
8,SA4B,MEETING ROOM CHAIRS,1006
8,SB2-1,MEETING ROOM CHAIRS,973
8,SB2-3,MEETING ROOM CHAIRS,1689
8,SB2-3,32 RISERS 6 X 8,6
8,SB2-3,PODIUM,3
8,SB2-3,SETS OF STAGE STEPS,6
8,SB2-4,16 RISERS 6 X 8,10
8,SB2-4,MEETING ROOM CHAIRS,443
8,SB2-6,PODIUM,3
8,SB2-6,SETS OF STAGE STEPS,2
8,SB3-2,MEETING ROOM CHAIRS,815
8,SB3-6,MEETING ROOM CHAIRS,505
8,SB3-7,32 RISERS 6 X 8,6
8,SB3-7,MEETING ROOM CHAIRS,415
8,SB3-9,8 X 30 TABLES,60
8,SB3-12,MEETING ROOM CHAIRS,44
8,SB3-12,PODIUM,9
8,SB3-12,SETS OF STAGE STEPS,8
8,SB3-13,16 RISERS 6 X 8,3
8,SB3-13,32 RISERS 6 X 8,13
8,SB3-13,6 X 30 TABLES,40
8,SB3-13,66 ROUND TABLES,221
8,SB3-13,8 X 30 TABLES,60
8,SB3-13,MEETING ROOM CHAIRS,501
8,SB3-13,30 STAND UP ROUNDS,34
8,SB3-13,8 X 18 TABLES,121
8,SB4-2,16 RISERS 6 X 8,3
8,SB4-2,32 RISERS 6 X 8,3
8,SB4-2,PODIUM,9
8,SB4-2,SETS OF STAGE STEPS,2
8,SB4-2,MEETING ROOM CHAIRS,339
8,SB4-3,MEETING ROOM CHAIRS,1413
8,SB4-4,MEETING ROOM CHAIRS,478
8,SB4-5,MEETING ROOM CHAIRS,290
8,SB4-6,MEETING ROOM CHAIRS,505
8,SB4-6,32 RISERS 6 X 8,9
8,SB4-6,PODIUM,8
8,SB4-6,SETS OF STAGE STEPS,8
8,SB4-9,16 RISERS 6 X 8,11
8,SB4-9,32 RISERS 6 X 8,10
8,SB4-9,MEETING ROOM CHAIRS,501
8,SB5-1,MEETING ROOM CHAIRS,1820
8,SB5-1,SETS OF STAGE STEPS,1
8,SB5-2,MEETING ROOM CHAIRS,1.36E-12
8,SC1-1,8 X 30 TABLES,4
8,SC1-1,MEETING ROOM CHAIRS,50
8,SC1-1,66 ROUND TABLES,7
8,SC2-2,PODIUM,2
8,SC2-2,8 X 18 TABLES,6
8,SC2-2,MEETING ROOM CHAIRS,18
8,SC2-3,66 ROUND TABLES,7
8,SC2-3,MEETING ROOM CHAIRS,140
8,SC2-3,6 X 18 TABLES,10
8,SC2-3,8 X 18 TABLES,10
8,SC2-4,30 COCKTAIL ROUNDS,4
8,SC2-4,30 STAND UP ROUNDS,13
8,SC2-4,6 X 18 TABLES,19
8,SC2-4,6 X 30 TABLES,9
8,SC2-4,66 ROUND TABLES,12
8,SC2-4,8 X 18 TABLES,29
8,SC2-4,8 X 30 TABLES,14
8,SC2-4,MEETING ROOM CHAIRS,36
8,SC2-4,PODIUM,2
8,SC2-4,SETS OF STAGE STEPS,1
8,SC3-2,16 RISERS 6 X 8,14
8,SC3-2,MEETING ROOM CHAIRS,671
8,SC3-2,PODIUM,3
8,SC3-2,SETS OF STAGE STEPS,26
8,SC3-3,30 COCKTAIL ROUNDS,48
8,SC3-3,30 STAND UP ROUNDS,12
8,SC3-3,6 X 30 TABLES,7
8,SC3-3,8 X 30 TABLES,26
8,SC3-3,MEETING ROOM CHAIRS,338
8,SC3-5,6 X 30 TABLES,4
8,SC3-5,8 X 30 TABLES,12
8,SC3-5,MEETING ROOM CHAIRS,100
9,SA1DD,16 RISERS 6 X 8,3
9,SA1DD,32 RISERS 6 X 8,3
9,SA1DD,PODIUM,9
9,SA1DD,SETS OF STAGE STEPS,2
9,SA3C,66 ROUND TABLES,970
9,SA3C,MEETING ROOM CHAIRS,2908
9,SA3C,PODIUM,13
9,SA3C,SETS OF STAGE STEPS,10
9,SA3C,32 RISERS 6 X 8,16
9,SA3C,6 X 18 TABLES,91
9,SA3C,8 X 18 TABLES,417
9,SA3C,8 X 30 TABLES,320
9,SA3C,16 RISERS 6 X 8,21
9,SA3C,6 X 30 TABLES,286
9,SA3M,MEETING ROOM CHAIRS,811
9,SB2-4,MEETING ROOM CHAIRS,768
9,SB2-5,MEETING ROOM CHAIRS,526
9,SB2-6,PODIUM,3
9,SB2-6,SETS OF STAGE STEPS,2
9,SB3-1,MEETING ROOM CHAIRS,1200
9,SB3-1,PODIUM,9
9,SB3-1,SETS OF STAGE STEPS,8
9,SB3-3,30 STAND UP ROUNDS,34
9,SB3-3,6 X 18 TABLES,80
9,SB3-3,6 X 30 TABLES,40
9,SB3-3,8 X 18 TABLES,121
9,SB3-3,8 X 30 TABLES,60
9,SB3-4,32 RISERS 6 X 8,6
9,SB3-4,MEETING ROOM CHAIRS,1689
9,SB3-4,PODIUM,3
9,SB3-4,SETS OF STAGE STEPS,6
9,SB3-8,MEETING ROOM CHAIRS,291
9,SB3-10,16 RISERS 6 X 8,10
9,SB3-10,66 ROUND TABLES,156
9,SB3-10,MEETING ROOM CHAIRS,5
9,SB3-10,32 RISERS 6 X 8,9
9,SB3-12,32 RISERS 6 X 8,10
9,SB3-12,MEETING ROOM CHAIRS,1484
9,SB3-12,66 ROUND TABLES,65
9,SB3-12,16 RISERS 6 X 8,3
9,SB4-2,6 X 18 TABLES,66
9,SB4-2,66 ROUND TABLES,46
9,SB4-2,8 X 18 TABLES,121
9,SB4-2,8 X 30 TABLES,60
9,SB4-2,MEETING ROOM CHAIRS,1689
9,SB4-9,16 RISERS 6 X 8,11
9,SB4-9,32 RISERS 6 X 8,19
9,SB4-9,MEETING ROOM CHAIRS,1259
9,SB4-9,PODIUM,8
9,SB4-9,SETS OF STAGE STEPS,8
9,SB5-2,MEETING ROOM CHAIRS,1820
9,SB5-2,SETS OF STAGE STEPS,1
9,SC2-4,30 COCKTAIL ROUNDS,4
9,SC2-4,30 STAND UP ROUNDS,13
9,SC2-4,6 X 18 TABLES,19
9,SC2-4,6 X 30 TABLES,9
9,SC2-4,66 ROUND TABLES,12
9,SC2-4,8 X 18 TABLES,29
9,SC2-4,8 X 30 TABLES,14
9,SC2-4,MEETING ROOM CHAIRS,36
9,SC2-4,PODIUM,2
9,SC2-4,SETS OF STAGE STEPS,1
9,SC3-3,16 RISERS 6 X 8,14
9,SC3-3,MEETING ROOM CHAIRS,671
9,SC3-3,PODIUM,3
9,SC3-3,SETS OF STAGE STEPS,26
10,SA3D,66 ROUND TABLES,238
10,SA3D,MEETING ROOM CHAIRS,836
10,SA3D,PODIUM,13
10,SA3D,SETS OF STAGE STEPS,7
10,SA3G,16 RISERS 6 X 8,21
10,SA3G,32 RISERS 6 X 8,16
10,SA3G,6 X 18 TABLES,91
10,SA3G,6 X 30 TABLES,328
10,SA3G,66 ROUND TABLES,732
10,SA3G,8 X 18 TABLES,417
10,SA3G,8 X 30 TABLES,365
10,SA3G,MEETING ROOM CHAIRS,2072
10,SA3G,PODIUM,1
10,SA3G,SETS OF STAGE STEPS,3
10,SA3M,66 ROUND TABLES,9
10,SA3M,MEETING ROOM CHAIRS,1362
10,SB2-5,MEETING ROOM CHAIRS,526
10,SB2-6,PODIUM,3
10,SB2-6,SETS OF STAGE STEPS,2
10,SB3-1,MEETING ROOM CHAIRS,697
10,SB3-2,MEETING ROOM CHAIRS,859
10,SB3-3,16 RISERS 6 X 8,3
10,SB3-3,30 STAND UP ROUNDS,34
10,SB3-3,32 RISERS 6 X 8,3
10,SB3-3,6 X 18 TABLES,80
10,SB3-3,6 X 30 TABLES,40
10,SB3-3,66 ROUND TABLES,52
10,SB3-3,8 X 18 TABLES,121
10,SB3-3,8 X 30 TABLES,60
10,SB3-3,MEETING ROOM CHAIRS,149
10,SB3-3,PODIUM,9
10,SB3-3,SETS OF STAGE STEPS,8
10,SB3-5,32 RISERS 6 X 8,6
10,SB3-5,MEETING ROOM CHAIRS,1689
10,SB3-5,PODIUM,3
10,SB3-5,SETS OF STAGE STEPS,6
10,SB3-7,MEETING ROOM CHAIRS,478
10,SB3-8,32 RISERS 6 X 8,6
10,SB3-8,MEETING ROOM CHAIRS,291
10,SB3-10,16 RISERS 6 X 8,10
10,SB3-10,32 RISERS 6 X 8,10
10,SB3-10,66 ROUND TABLES,178
10,SB3-10,MEETING ROOM CHAIRS,506
10,SB4-1,16 RISERS 6 X 8,3
10,SB4-1,32 RISERS 6 X 8,3
10,SB4-1,6 X 18 TABLES,80
10,SB4-1,6 X 30 TABLES,40
10,SB4-1,66 ROUND TABLES,52
10,SB4-1,8 X 18 TABLES,121
10,SB4-1,8 X 30 TABLES,60
10,SB4-1,MEETING ROOM CHAIRS,149
10,SB4-1,PODIUM,9
10,SB4-1,SETS OF STAGE STEPS,2
10,SB4-3,MEETING ROOM CHAIRS,1689
10,SB4-4,MEETING ROOM CHAIRS,478
10,SB4-7,16 RISERS 6 X 8,11
10,SB4-7,32 RISERS 6 X 8,10
10,SB4-7,MEETING ROOM CHAIRS,505
10,SB4-7,PODIUM,8
10,SB4-7,SETS OF STAGE STEPS,8
10,SB4-10,32 RISERS 6 X 8,9
10,SB4-10,MEETING ROOM CHAIRS,895
10,SB5-1,MEETING ROOM CHAIRS,1820
10,SB5-1,SETS OF STAGE STEPS,1
10,SC1-1,PODIUM,1
10,SC2-2,PODIUM,1
10,SC2-5,30 COCKTAIL ROUNDS,16
10,SC2-5,30 STAND UP ROUNDS,13
10,SC2-5,6 X 18 TABLES,19
10,SC2-5,6 X 30 TABLES,9
10,SC2-5,66 ROUND TABLES,12
10,SC2-5,8 X 18 TABLES,29
10,SC2-5,8 X 30 TABLES,14
10,SC2-5,MEETING ROOM CHAIRS,36
10,SC2-5,PODIUM,2
10,SC2-5,SETS OF STAGE STEPS,1
10,SC3-3,16 RISERS 6 X 8,14
10,SC3-3,30 COCKTAIL ROUNDS,36
10,SC3-3,30 STAND UP ROUNDS,12
10,SC3-3,6 X 18 TABLES,10
10,SC3-3,6 X 30 TABLES,11
10,SC3-3,66 ROUND TABLES,14
10,SC3-3,8 X 18 TABLES,16
10,SC3-3,8 X 30 TABLES,42
10,SC3-3,MEETING ROOM CHAIRS,1317
10,SC3-3,PODIUM,3
10,SC3-3,SETS OF STAGE STEPS,26
1,SB3-12,SETS OF STAGE STEPS,10.0
1,SB3-12,24 RISERS 6 X 8,19.0
1,SB3-12,16 RISERS 6 X 8,1.0
1,SB3-12,PODIUM,7.979166620000001
1,SA3G,SETS OF STAGE STEPS,5.0
1,SA3G,24 RISERS 6 X 8,7.0
1,SA3G,MEETING ROOM CHAIRS,2285.0
1,SA3G,PODIUM,7.0
1,SB3-13,16 RISERS 6 X 8,3.8333333499999966
1,SB3-13,24 RISERS 6 X 8,3.0
1,SB3-13,SETS OF STAGE STEPS,2.0
1,SB3-13,PODIUM,1.0
1,SB3-2,16 RISERS 6 X 8,2.0
1,SB3-2,PODIUM,1.0208333799999991
1,SB3-7,SETS OF STAGE STEPS,2.0
1,SC2-3,SETS OF STAGE STEPS,3.0
1,SA4A,16 RISERS 6 X 8,4.0
1,SA4A,24 RISERS 6 X 8,6.0
1,SA4A,SETS OF STAGE STEPS,5.0
1,SA4A,PODIUM,2.0
1,SB3-11,SETS OF STAGE STEPS,4.0
1,SB3-11,24 RISERS 6 X 8,2.0
1,SB3-11,PODIUM,2.0
1,SB3-11,16 RISERS 6 X 8,1.0
1,SB5-1,SETS OF STAGE STEPS,1.0
1,SB5-1,PODIUM,1.0
1,SC2-2,SETS OF STAGE STEPS,5.0
1,SC2-2,16 RISERS 6 X 8,9.0
1,SC2-2,PODIUM,3.0
1,SB2-2,PODIUM,1.0
1,SB3-8,16 RISERS 6 X 8,1.0
1,SB3-8,24 RISERS 6 X 8,1.0
1,SB3-10,SETS OF STAGE STEPS,1.0
1,SB3-10,24 RISERS 6 X 8,3.0
1,SB3-10,16 RISERS 6 X 8,1.0
1,SB3-10,PODIUM,1.0
1,SB2-5,8 X 18 TABLES,649.0
1,SB2-5,24 RISERS 6 X 8,2.0
1,SB2-5,6 X 18 TABLES,223.0
1,SB2-5,30 STAND UP ROUNDS,46.0
1,SB2-5,PODIUM,3.0
1,SB2-5,SETS OF STAGE STEPS,2.0
1,SB2-5,8 X 30 TABLES,521.0
1,SB2-5,MEETING ROOM CHAIRS,13787.0
1,SB2-5,30 COCKTAIL ROUNDS,36.0
1,SC3-3,16 RISERS 6 X 8,1.0
1,SC3-3,SETS OF STAGE STEPS,1.0
1,SC3-3,PODIUM,2.0
1,SB4-9,16 RISERS 6 X 8,6.0
1,SB4-9,24 RISERS 6 X 8,6.0
1,SB4-9,PODIUM,4.0
1,SB4-9,SETS OF STAGE STEPS,6.0
1,SC2-4,8 X 18 TABLES,29.0
1,SC2-4,16 RISERS 6 X 8,1.0
1,SC2-4,8 X 30 TABLES,14.0
1,SC2-4,6 X 18 TABLES,19.0
1,SC2-4,30 STAND UP ROUNDS,13.0
1,SC2-4,6 X 30 TABLES,9.0
1,SC2-4,SETS OF STAGE STEPS,1.0
1,SC2-4,PODIUM,2.0
1,SC2-4,66 ROUND TABLES,12.0
1,SC2-4,MEETING ROOM CHAIRS,36.0
1,SC2-4,30 COCKTAIL ROUNDS,16.0
1,SB2-3,16 RISERS 6 X 8,2.0
1,SB2-3,24 RISERS 6 X 8,5.0
1,SB2-3,SETS OF STAGE STEPS,7.0
1,SB2-3,PODIUM,6.0
1,SB4-3,16 RISERS 6 X 8,1.0
1,SB4-3,24 RISERS 6 X 8,4.0
1,SB4-3,SETS OF STAGE STEPS,1.0
1,SA3M,SETS OF STAGE STEPS,3.0
1,SA3M,24 RISERS 6 X 8,3.0
1,SA3M,PODIUM,2.0
1,SA1C,16 RISERS 6 X 8,9.0
1,SA1C,SETS OF STAGE STEPS,3.0
1,SA1C,PODIUM,1.0
1,SB2-1,PODIUM,1.0
1,SB4-4,SETS OF STAGE STEPS,2.0
1,SB4-4,24 RISERS 6 X 8,4.0
1,SB4-4,16 RISERS 6 X 8,5.0
1,SB4-4,PODIUM,1.0
1,SB3-6,16 RISERS 6 X 8,4.166666650000003
1,SB2-4,16 RISERS 6 X 8,4.0
1,SB2-4,66 ROUND TABLES,1275.0
1,SB2-4,6 X 30 TABLES,415.0
1,SC3-7,PODIUM,2.0
2,SB4-1,8 X 30 TABLES,6.0
2,SB4-1,MEETING ROOM CHAIRS,110.0
2,SB3-13,MEETING ROOM CHAIRS,656.0
2,SB3-7,SETS OF STAGE STEPS,2.0
2,SB3-7,8 X 30 TABLES,1.0
2,SB3-7,MEETING ROOM CHAIRS,798.0
2,SB3-7,16 RISERS 6 X 8,9.0
2,SB3-10,SETS OF STAGE STEPS,1.0
2,SB3-10,24 RISERS 6 X 8,4.0
2,SB3-10,MEETING ROOM CHAIRS,506.0
2,SB3-10,PODIUM,1.0
2,SC2-3,SETS OF STAGE STEPS,3.0
2,SC2-3,16 RISERS 6 X 8,1.0
2,SA4A,SETS OF STAGE STEPS,5.0
2,SA4A,24 RISERS 6 X 8,6.0
2,SA4A,16 RISERS 6 X 8,4.0
2,SA4A,PODIUM,2.0
2,SB4-6,8 X 30 TABLES,1.0
2,SB4-6,6 X 18 TABLES,40.0
2,SB4-6,MEETING ROOM CHAIRS,1055.0
2,SB5-1,8 X 18 TABLES,29.0
2,SB5-1,16 RISERS 6 X 8,9.0
2,SB5-1,24 RISERS 6 X 8,28.0
2,SB5-1,PODIUM,14.0
2,SB5-1,SETS OF STAGE STEPS,17.0
2,SB5-1,6 X 30 TABLES,121.0
2,SB5-1,66 ROUND TABLES,70.0
2,SB4-2,16 RISERS 6 X 8,3.0
2,SB4-2,24 RISERS 6 X 8,5.0
2,SB4-2,PODIUM,1.0
2,SB4-2,SETS OF STAGE STEPS,2.0
2,SB3-5,8 X 30 TABLES,1.0
2,SB3-5,MEETING ROOM CHAIRS,234.0
2,SC2-2,16 RISERS 6 X 8,9.0
2,SC2-2,SETS OF STAGE STEPS,5.0
2,SC2-2,PODIUM,3.0
2,SA3C,24 RISERS 6 X 8,3.0
2,SA3C,PODIUM,1.0
2,SA3C,SETS OF STAGE STEPS,2.0
2,SA3C,6 X 30 TABLES,29.0
2,SA3C,8 X 30 TABLES,11.0
2,SA3C,66 ROUND TABLES,5.0
2,SA3C,MEETING ROOM CHAIRS,721.0
2,SB4-8,24 RISERS 6 X 8,2.0
2,SB4-8,8 X 30 TABLES,2.0
2,SB4-8,MEETING ROOM CHAIRS,734.0
2,SA1DD,16 RISERS 6 X 8,11.0
2,SA1DD,6 X 18 TABLES,19.0
2,SA1DD,6 X 30 TABLES,7.0
2,SA1CC,16 RISERS 6 X 8,8.0
2,SA1CC,PODIUM,1.0
2,SA1CC,66 ROUND TABLES,1206.0
2,SA1CC,SETS OF STAGE STEPS,3.0
2,SA1CC,6 X 30 TABLES,127.0
2,SB5-2,8 X 18 TABLES,30.0
2,SB3-11,16 RISERS 6 X 8,2.0
2,SB3-11,24 RISERS 6 X 8,2.0
2,SB3-11,PODIUM,2.0
2,SB3-11,SETS OF STAGE STEPS,4.0
2,SB3-11,8 X 30 TABLES,2.0
2,SB3-11,MEETING ROOM CHAIRS,776.0
2,SB4-7,MEETING ROOM CHAIRS,157.0
2,SB2-4,SETS OF STAGE STEPS,1.0
2,SB2-4,8 X 30 TABLES,5.0
2,SB2-4,30 COCKTAIL ROUNDS,4.0
2,SB2-4,MEETING ROOM CHAIRS,641.9999999999998
2,SB2-4,PODIUM,2.0
2,SB2-3,SETS OF STAGE STEPS,6.0
2,SB2-3,24 RISERS 6 X 8,4.0
2,SB2-3,8 X 30 TABLES,6.0
2,SB2-3,MEETING ROOM CHAIRS,65.0
2,SB2-3,PODIUM,5.0
2,SB3-9,8 X 30 TABLES,1.0
2,SB3-9,MEETING ROOM CHAIRS,777.0
2,SB4-3,8 X 18 TABLES,2.0
2,SB4-3,8 X 30 TABLES,2.0
2,SB4-3,6 X 18 TABLES,21.0
2,SB4-3,MEETING ROOM CHAIRS,137.0
2,SC3-3,16 RISERS 6 X 8,1.0
2,SC3-3,PODIUM,2.0
2,SC3-3,SETS OF STAGE STEPS,1.0
2,SA4B,24 RISERS 6 X 8,1.0
2,SA4B,30 STAND UP ROUNDS,13.0
2,SA4B,6 X 30 TABLES,122.0
2,SA4B,SETS OF STAGE STEPS,1.0
2,SA4B,8 X 30 TABLES,26.0
2,SA4B,66 ROUND TABLES,6.0
2,SA4B,MEETING ROOM CHAIRS,2281.0
2,SA4B,PODIUM,5.0
2,SA3M,24 RISERS 6 X 8,3.0
2,SA3M,30 STAND UP ROUNDS,12.0
2,SA3M,PODIUM,5.0
2,SA3M,SETS OF STAGE STEPS,5.0
2,SA3M,6 X 30 TABLES,22.0
2,SA3M,8 X 30 TABLES,18.0
2,SA3M,MEETING ROOM CHAIRS,974.0
2,SA1C,8 X 18 TABLES,597.0
2,SA1C,6 X 18 TABLES,156.0
2,SA1C,30 STAND UP ROUNDS,3.0
2,SA1C,8 X 30 TABLES,439.0
2,SA1C,MEETING ROOM CHAIRS,1731.0
2,SA1C,30 COCKTAIL ROUNDS,32.0
2,SB2-5,SETS OF STAGE STEPS,1.0
2,SB2-5,PODIUM,1.0
2,SB3-8,8 X 30 TABLES,1.0
2,SB3-8,MEETING ROOM CHAIRS,326.0
2,SB3-8,30 STAND UP ROUNDS,6.0
2,SB3-3,8 X 18 TABLES,36.0
2,SB3-3,8 X 30 TABLES,2.0
2,SB3-3,30 STAND UP ROUNDS,6.0
2,SB3-3,MEETING ROOM CHAIRS,245.0
2,SB3-3,6 X 18 TABLES,6.0
2,SB2-1,MEETING ROOM CHAIRS,88.0
2,SB4-4,8 X 18 TABLES,2.0
2,SB4-4,16 RISERS 6 X 8,5.0
2,SB4-4,24 RISERS 6 X 8,4.0
2,SB4-4,6 X 18 TABLES,25.0
2,SB4-4,30 STAND UP ROUNDS,6.0
2,SB4-4,PODIUM,1.0
2,SB4-4,SETS OF STAGE STEPS,2.0
2,SB4-4,8 X 30 TABLES,3.0
2,SB4-4,MEETING ROOM CHAIRS,818.0
2,SB3-6,SETS OF STAGE STEPS,2.0
2,SB3-6,24 RISERS 6 X 8,3.0
2,SB3-6,MEETING ROOM CHAIRS,538.0
2,SB3-6,PODIUM,1.0
2,SB2-6,MEETING ROOM CHAIRS,2.2737367544323206e-13
2,SB2-2,8 X 18 TABLES,8.0
2,SB2-2,6 X 18 TABLES,13.0
2,SB2-2,MEETING ROOM CHAIRS,1054.0
2,SB2-2,PODIUM,2.0
2,SB4-10,MEETING ROOM CHAIRS,895.0
2,SC2-4,30 STAND UP ROUNDS,13.0
2,SC2-4,PODIUM,2.0
2,SC2-4,SETS OF STAGE STEPS,1.0
2,SC2-4,8 X 30 TABLES,14.0
2,SC2-4,MEETING ROOM CHAIRS,36.0
2,SC2-4,30 COCKTAIL ROUNDS,16.0
2,SC3-7,PODIUM,2.0
3,SB3-12,8 X 18 TABLES,199.0
3,SB3-12,16 RISERS 6 X 8,2.0
3,SB3-12,6 X 18 TABLES,111.0
3,SB3-12,6 X 30 TABLES,10.0
3,SB3-12,66 ROUND TABLES,9.0
3,SB3-12,MEETING ROOM CHAIRS,1526.0
3,SA1DD,16 RISERS 6 X 8,15.0
3,SA1CC,SETS OF STAGE STEPS,3.0
3,SA1CC,8 X 30 TABLES,36.0
3,SA1CC,MEETING ROOM CHAIRS,1731.0
3,SA1CC,PODIUM,1.0
3,SB4-1,16 RISERS 6 X 8,3.0
3,SC3-1,SETS OF STAGE STEPS,1.0
3,SC3-1,16 RISERS 6 X 8,1.0
3,SC3-1,PODIUM,2.0
3,SB3-1,16 RISERS 6 X 8,9.0
3,SB3-1,MEETING ROOM CHAIRS,580.0
3,SB4-9,MEETING ROOM CHAIRS,1396.0
3,SC2-4,6 X 18 TABLES,19.0
3,SC2-4,30 STAND UP ROUNDS,13.0
3,SC2-4,PODIUM,2.0
3,SC2-4,SETS OF STAGE STEPS,1.0
3,SC2-4,8 X 30 TABLES,14.0
3,SC2-4,66 ROUND TABLES,7.0
3,SC2-4,MEETING ROOM CHAIRS,36.0
3,SC2-4,30 COCKTAIL ROUNDS,16.0
3,SB4-2,16 RISERS 6 X 8,10.0
3,SB4-3,8 X 18 TABLES,398.0
3,SB4-3,16 RISERS 6 X 8,1.0
3,SB4-3,6 X 18 TABLES,45.0
3,SB4-3,6 X 30 TABLES,120.0
3,SB4-3,8 X 30 TABLES,307.0
3,SB4-3,66 ROUND TABLES,586.0
3,SB4-3,MEETING ROOM CHAIRS,1420.0
3,SC2-3,16 RISERS 6 X 8,1.0
3,SC2-3,SETS OF STAGE STEPS,3.0
3,SB3-8,SETS OF STAGE STEPS,2.0
3,SB3-8,MEETING ROOM CHAIRS,478.0
3,SB3-5,16 RISERS 6 X 8,3.0
3,SB3-5,30 STAND UP ROUNDS,3.0
3,SB3-5,8 X 30 TABLES,96.0
3,SB3-5,66 ROUND TABLES,554.0
3,SB3-5,MEETING ROOM CHAIRS,654.0
3,SB3-5,30 COCKTAIL ROUNDS,32.0
3,SB3-4,PODIUM,4.0
3,SB2-1,PODIUM,2.0
3,SB4-4,MEETING ROOM CHAIRS,446.0
3,SB2-6,16 RISERS 6 X 8,4.0
3,SB2-6,SETS OF STAGE STEPS,2.0
3,SB2-6,MEETING ROOM CHAIRS,422.0
3,SB2-6,PODIUM,1.0
3,SC2-2,SETS OF STAGE STEPS,5.0
3,SC2-2,16 RISERS 6 X 8,9.0
3,SC2-2,PODIUM,3.0
3,SC3-7,PODIUM,2.0
4,SB3-12,8 X 18 TABLES,235.0
4,SB3-12,66 ROUND TABLES,597.0
4,SA1DD,SETS OF STAGE STEPS,8.0
4,SA1DD,24 RISERS 6 X 8,3.0
4,SA1DD,PODIUM,11.0
4,SA1DD,MEETING ROOM CHAIRS,1107.0
4,SA1DD,16 RISERS 6 X 8,9.0
4,SA1CC,SETS OF STAGE STEPS,3.0
4,SA1CC,24 RISERS 6 X 8,13.0
4,SA1CC,PODIUM,1.0
4,SA1CC,MEETING ROOM CHAIRS,3546.0
4,SA1CC,16 RISERS 6 X 8,17.0
4,SC2-2,SETS OF STAGE STEPS,5.0
4,SC2-2,16 RISERS 6 X 8,9.0
4,SC2-2,PODIUM,3.0
4,SB3-2,8 X 18 TABLES,121.0
4,SB3-2,24 RISERS 6 X 8,9.0
4,SB3-2,6 X 30 TABLES,96.0
4,SB3-2,SETS OF STAGE STEPS,2.0
4,SB3-2,8 X 30 TABLES,24.0
4,SB3-2,MEETING ROOM CHAIRS,973.0
4,SB3-4,8 X 18 TABLES,85.0
4,SB3-1,8 X 30 TABLES,103.0
4,SB3-1,MEETING ROOM CHAIRS,716.0
4,SB3-1,30 STAND UP ROUNDS,22.0
4,SB3-1,30 COCKTAIL ROUNDS,32.0
4,SB4-9,6 X 18 TABLES,104.0
4,SB4-9,30 STAND UP ROUNDS,12.0
4,SB4-9,6 X 30 TABLES,241.0
4,SB4-9,8 X 30 TABLES,349.0
4,SB4-9,66 ROUND TABLES,588.0
4,SB4-9,MEETING ROOM CHAIRS,895.0
4,SC2-4,8 X 18 TABLES,29.0
4,SC2-4,8 X 30 TABLES,14.0
4,SC2-4,6 X 18 TABLES,19.0
4,SC2-4,30 STAND UP ROUNDS,13.0
4,SC2-4,6 X 30 TABLES,9.0
4,SC2-4,SETS OF STAGE STEPS,1.0
4,SC2-4,PODIUM,2.0
4,SC2-4,66 ROUND TABLES,12.0
4,SC2-4,MEETING ROOM CHAIRS,36.0
4,SC2-4,30 COCKTAIL ROUNDS,16.0
4,SB2-3,SETS OF STAGE STEPS,2.0
4,SB2-3,24 RISERS 6 X 8,3.0
4,SB2-3,MEETING ROOM CHAIRS,718.0
4,SB2-3,PODIUM,1.0
4,SC2-3,16 RISERS 6 X 8,1.0
4,SC2-3,MEETING ROOM CHAIRS,111.0
4,SC2-3,SETS OF STAGE STEPS,3.0
4,SA4A,8 X 30 TABLES,36.0
4,SA4A,6 X 30 TABLES,4.0
4,SB5-2,SETS OF STAGE STEPS,12.0
4,SB5-2,PODIUM,12.0
4,SB5-2,MEETING ROOM CHAIRS,1421.0
4,SB5-2,16 RISERS 6 X 8,2.0
4,SB5-1,16 RISERS 6 X 8,1.0
4,SB5-1,MEETING ROOM CHAIRS,983.0
4,SB5-1,PODIUM,3.0
4,SB2-1,24 RISERS 6 X 8,9.0
4,SB2-1,PODIUM,6.0
4,SB2-1,SETS OF STAGE STEPS,8.0
4,SB2-1,8 X 30 TABLES,1.0
4,SB2-1,66 ROUND TABLES,8.0
4,SB2-1,MEETING ROOM CHAIRS,505.0
4,SB2-6,16 RISERS 6 X 8,22.0
4,SB2-6,24 RISERS 6 X 8,12.0
4,SB2-6,PODIUM,8.0
4,SB2-6,SETS OF STAGE STEPS,15.0
4,SB2-6,66 ROUND TABLES,56.0
4,SB2-6,MEETING ROOM CHAIRS,3210.0
4,SB2-2,SETS OF STAGE STEPS,4.0
4,SB2-2,24 RISERS 6 X 8,11.0
4,SB2-2,66 ROUND TABLES,9.0
4,SB2-2,MEETING ROOM CHAIRS,1477.0
4,SB2-2,PODIUM,2.0
4,SB2-4,24 RISERS 6 X 8,5.0
4,SB2-4,6 X 18 TABLES,157.0
4,SB2-4,30 STAND UP ROUNDS,12.0
4,SB2-4,6 X 30 TABLES,78.0
4,SB2-4,8 X 30 TABLES,14.0
4,SB2-4,66 ROUND TABLES,17.0
4,SB2-4,MEETING ROOM CHAIRS,656.0
4,SB2-4,30 COCKTAIL ROUNDS,4.0
4,SB4-5,8 X 18 TABLES,234.0
4,SC3-7,16 RISERS 6 X 8,1.0
4,SC3-7,PODIUM,4.0
4,SC3-7,SETS OF STAGE STEPS,1.0
5,SB3-12,8 X 18 TABLES,121.0
5,SB3-12,16 RISERS 6 X 8,3.0
5,SB3-12,24 RISERS 6 X 8,3.0
5,SB3-12,6 X 18 TABLES,80.0
5,SB3-12,30 STAND UP ROUNDS,34.0
5,SB3-12,6 X 30 TABLES,95.0
5,SB3-12,8 X 30 TABLES,105.0
5,SB3-12,66 ROUND TABLES,512.0
5,SB3-12,MEETING ROOM CHAIRS,2137.0
5,SB3-12,30 COCKTAIL ROUNDS,36.0
5,SA1DD,16 RISERS 6 X 8,17.0
5,SA1CC,SETS OF STAGE STEPS,3.0
5,SA1CC,24 RISERS 6 X 8,13.0
5,SA1CC,MEETING ROOM CHAIRS,3546.0
5,SA1CC,PODIUM,1.0
5,SB4-1,8 X 18 TABLES,121.0
5,SB4-1,16 RISERS 6 X 8,3.0
5,SB4-1,24 RISERS 6 X 8,3.0
5,SB4-1,6 X 18 TABLES,80.0
5,SB4-1,30 STAND UP ROUNDS,12.0
5,SB4-1,PODIUM,1.0
5,SB4-1,SETS OF STAGE STEPS,2.0
5,SB4-1,6 X 30 TABLES,36.0
5,SB4-1,8 X 30 TABLES,24.0
5,SB4-1,66 ROUND TABLES,52.0
5,SB4-1,MEETING ROOM CHAIRS,149.0
5,SB3-2,24 RISERS 6 X 8,6.0
5,SA3C,SETS OF STAGE STEPS,8.0
5,SA3C,MEETING ROOM CHAIRS,1239.0
5,SA3C,PODIUM,11.0
5,SB4-9,8 X 18 TABLES,348.0
5,SB4-9,24 RISERS 6 X 8,3.0
5,SB4-9,6 X 18 TABLES,101.0
5,SB4-9,6 X 30 TABLES,214.0
5,SB4-9,SETS OF STAGE STEPS,2.0
5,SB4-9,8 X 30 TABLES,362.0
5,SB4-9,MEETING ROOM CHAIRS,1690.0
5,SB4-9,PODIUM,2.0
5,SC2-4,8 X 18 TABLES,29.0
5,SC2-4,PODIUM,2.0
5,SC2-4,6 X 18 TABLES,19.0
5,SC2-4,30 STAND UP ROUNDS,13.0
5,SC2-4,6 X 30 TABLES,9.0
5,SC2-4,SETS OF STAGE STEPS,1.0
5,SC2-4,8 X 30 TABLES,14.0
5,SC2-4,66 ROUND TABLES,12.0
5,SC2-4,MEETING ROOM CHAIRS,36.0
5,SC2-4,30 COCKTAIL ROUNDS,16.0
5,SB2-3,16 RISERS 6 X 8,3.0
5,SB2-3,24 RISERS 6 X 8,3.0
5,SB2-3,PODIUM,9.0
5,SB2-3,SETS OF STAGE STEPS,8.0
5,SB2-3,66 ROUND TABLES,52.0
5,SB2-3,MEETING ROOM CHAIRS,149.0
5,SB3-9,16 RISERS 6 X 8,6.0
5,SB3-9,24 RISERS 6 X 8,6.0
5,SB3-9,SETS OF STAGE STEPS,15.0
5,SB3-9,MEETING ROOM CHAIRS,291.0
5,SB3-9,PODIUM,6.0
5,SC2-3,16 RISERS 6 X 8,10.0
5,SC2-3,MEETING ROOM CHAIRS,111.0
5,SC2-3,SETS OF STAGE STEPS,8.0
5,SC2-3,PODIUM,3.0
5,SA4A,16 RISERS 6 X 8,2.0
5,SA4A,SETS OF STAGE STEPS,6.0
5,SA4A,MEETING ROOM CHAIRS,768.2247917139998
5,SA4A,PODIUM,3.0
5,SB3-5,MEETING ROOM CHAIRS,824.0
5,SA3G,MEETING ROOM CHAIRS,18.775208286000066
5,SB5-1,SETS OF STAGE STEPS,6.0
5,SB5-1,24 RISERS 6 X 8,9.0
5,SB5-1,16 RISERS 6 X 8,1.0
5,SB5-1,MEETING ROOM CHAIRS,983.0
5,SB5-1,PODIUM,3.0
5,SB4-2,24 RISERS 6 X 8,11.0
5,SB4-2,66 ROUND TABLES,157.0
5,SB4-2,MEETING ROOM CHAIRS,1075.0
5,SB2-1,MEETING ROOM CHAIRS,973.0
5,SB2-1,PODIUM,4.0
5,SB2-6,16 RISERS 6 X 8,16.0
5,SB2-6,24 RISERS 6 X 8,3.0
5,SB2-6,6 X 30 TABLES,3.0
5,SB2-6,SETS OF STAGE STEPS,4.0
5,SB2-6,PODIUM,4.0
5,SB2-6,66 ROUND TABLES,186.0
5,SB2-6,MEETING ROOM CHAIRS,1684.0
5,SB2-4,8 X 18 TABLES,85.0
5,SB2-4,24 RISERS 6 X 8,5.0
5,SB2-4,66 ROUND TABLES,316.0
5,SB2-4,MEETING ROOM CHAIRS,656.0
5,SB2-4,6 X 30 TABLES,67.0
5,SC3-7,SETS OF STAGE STEPS,1.0
5,SC3-7,16 RISERS 6 X 8,1.0
5,SC3-7,PODIUM,4.0
6,SA1DD,SETS OF STAGE STEPS,8.0
6,SA1DD,24 RISERS 6 X 8,3.0
6,SA1DD,PODIUM,9.0
6,SA1DD,MEETING ROOM CHAIRS,149.0
6,SA1DD,16 RISERS 6 X 8,20.0
6,SA1CC,SETS OF STAGE STEPS,3.0
6,SA1CC,24 RISERS 6 X 8,13.0
6,SA1CC,MEETING ROOM CHAIRS,3546.0
6,SA1CC,PODIUM,1.0
6,SB4-2,8 X 18 TABLES,120.0
6,SB4-2,24 RISERS 6 X 8,3.0
6,SB4-2,PODIUM,1.0
6,SB4-2,SETS OF STAGE STEPS,2.0
6,SB4-2,8 X 30 TABLES,60.0
6,SB4-2,MEETING ROOM CHAIRS,149.0
6,SB3-2,8 X 18 TABLES,121.0
6,SB3-2,24 RISERS 6 X 8,6.0
6,SB3-2,6 X 18 TABLES,80.0
6,SB3-2,30 STAND UP ROUNDS,34.0
6,SB3-2,6 X 30 TABLES,120.0
6,SB3-2,8 X 30 TABLES,102.0
6,SB3-2,66 ROUND TABLES,50.0
6,SB3-2,MEETING ROOM CHAIRS,1722.0
6,SB3-2,30 COCKTAIL ROUNDS,36.0
6,SA3C,SETS OF STAGE STEPS,6.0
6,SA3C,MEETING ROOM CHAIRS,836.0
6,SA3C,PODIUM,9.0
6,SB4-9,8 X 18 TABLES,433.0
6,SB4-9,24 RISERS 6 X 8,3.0
6,SB4-9,8 X 30 TABLES,362.0
6,SB4-9,6 X 18 TABLES,101.0
6,SB4-9,MEETING ROOM CHAIRS,895.0
6,SC2-4,8 X 18 TABLES,29.0
6,SC2-4,6 X 18 TABLES,19.0
6,SC2-4,30 STAND UP ROUNDS,13.0
6,SC2-4,PODIUM,2.0
6,SC2-4,SETS OF STAGE STEPS,1.0
6,SC2-4,6 X 30 TABLES,9.0
6,SC2-4,8 X 30 TABLES,14.0
6,SC2-4,66 ROUND TABLES,12.0
6,SC2-4,MEETING ROOM CHAIRS,36.0
6,SC2-4,30 COCKTAIL ROUNDS,16.0
6,SB2-3,16 RISERS 6 X 8,4.0
6,SB2-3,24 RISERS 6 X 8,9.0
6,SB2-3,PODIUM,3.0
6,SB2-3,SETS OF STAGE STEPS,6.0
6,SB2-3,6 X 30 TABLES,40.0
6,SB2-3,66 ROUND TABLES,439.0
6,SB2-3,MEETING ROOM CHAIRS,1302.0
6,SB3-10,16 RISERS 6 X 8,2.0
6,SB3-10,24 RISERS 6 X 8,11.0
6,SB3-10,66 ROUND TABLES,102.0
6,SB3-10,MEETING ROOM CHAIRS,501.0
6,SC3-3,8 X 18 TABLES,1.0
6,SC3-3,66 ROUND TABLES,25.0
6,SC3-3,30 STAND UP ROUNDS,12.0
6,SC3-3,6 X 30 TABLES,15.0
6,SC2-3,16 RISERS 6 X 8,10.0
6,SC2-3,SETS OF STAGE STEPS,8.0
6,SC2-3,MEETING ROOM CHAIRS,111.0
6,SC2-3,PODIUM,3.0
6,SC3-4,8 X 30 TABLES,3.0
6,SB5-2,16 RISERS 6 X 8,5.0
6,SB5-2,24 RISERS 6 X 8,3.0
6,SB5-2,MEETING ROOM CHAIRS,1490.0
6,SA3G,SETS OF STAGE STEPS,2.0
6,SA3G,MEETING ROOM CHAIRS,403.0
6,SA3G,PODIUM,2.0
6,SB2-1,16 RISERS 6 X 8,10.0
6,SB2-1,24 RISERS 6 X 8,3.0
6,SB2-1,SETS OF STAGE STEPS,4.0
6,SB2-1,MEETING ROOM CHAIRS,2429.0
6,SB2-1,PODIUM,7.0
6,SB2-6,16 RISERS 6 X 8,10.0
6,SB2-6,24 RISERS 6 X 8,6.0
6,SB2-6,6 X 30 TABLES,3.0
6,SB2-6,SETS OF STAGE STEPS,17.0
6,SB2-6,PODIUM,9.0
6,SB2-6,66 ROUND TABLES,186.0
6,SB2-6,MEETING ROOM CHAIRS,1318.0
6,SA4B,SETS OF STAGE STEPS,6.0
6,SA4B,MEETING ROOM CHAIRS,811.0
6,SA4B,PODIUM,3.0
6,SB2-4,24 RISERS 6 X 8,5.0
6,SB2-4,66 ROUND TABLES,473.0
6,SB2-4,6 X 18 TABLES,80.0
6,SB2-4,MEETING ROOM CHAIRS,656.0
6,SB2-4,6 X 30 TABLES,241.0
6,SC3-7,16 RISERS 6 X 8,1.0
6,SC3-7,PODIUM,4.0
6,SC3-7,SETS OF STAGE STEPS,1.0
7,SA1DD,16 RISERS 6 X 8,17.0
7,SA1DD,MEETING ROOM CHAIRS,47.45138891700003
7,SA1CC,SETS OF STAGE STEPS,3.0
7,SA1CC,24 RISERS 6 X 8,13.0
7,SA1CC,MEETING ROOM CHAIRS,3546.0
7,SA1CC,PODIUM,1.0
7,SB4-2,8 X 18 TABLES,120.0
7,SB4-2,16 RISERS 6 X 8,13.0
7,SB4-2,24 RISERS 6 X 8,6.0
7,SB4-2,6 X 30 TABLES,40.0
7,SB4-2,SETS OF STAGE STEPS,6.0
7,SB4-2,8 X 30 TABLES,60.0
7,SB4-2,66 ROUND TABLES,230.0
7,SB4-2,MEETING ROOM CHAIRS,595.0
7,SB4-2,PODIUM,4.0
7,SA3M,SETS OF STAGE STEPS,2.0
7,SA3M,PODIUM,2.0
7,SB4-5,8 X 18 TABLES,320.0
7,SB4-5,8 X 30 TABLES,14.0
7,SB4-5,6 X 18 TABLES,80.0
7,SB2-4,8 X 18 TABLES,121.0
7,SB2-4,16 RISERS 6 X 8,2.0
7,SB2-4,24 RISERS 6 X 8,11.0
7,SB2-4,6 X 18 TABLES,80.0
7,SB2-4,30 STAND UP ROUNDS,34.0
7,SB2-4,6 X 30 TABLES,241.0
7,SB2-4,8 X 30 TABLES,60.0
7,SB2-4,66 ROUND TABLES,397.0
7,SB2-4,MEETING ROOM CHAIRS,443.0
7,SB2-4,30 COCKTAIL ROUNDS,36.0
7,SB2-3,16 RISERS 6 X 8,3.0
7,SB2-3,24 RISERS 6 X 8,3.0
7,SB2-3,6 X 30 TABLES,40.0
7,SB2-3,SETS OF STAGE STEPS,8.0
7,SB2-3,PODIUM,9.0
7,SB2-3,66 ROUND TABLES,134.0
7,SB2-3,MEETING ROOM CHAIRS,1031.0
7,SB3-9,8 X 18 TABLES,113.0
7,SB3-9,24 RISERS 6 X 8,6.0
7,SB3-9,6 X 18 TABLES,77.0
7,SB3-9,6 X 30 TABLES,80.0
7,SB3-9,8 X 30 TABLES,57.0
7,SB3-9,66 ROUND TABLES,303.0
7,SB3-9,MEETING ROOM CHAIRS,2581.0000000000005
7,SB4-3,24 RISERS 6 X 8,5.0
7,SB4-3,MEETING ROOM CHAIRS,656.0
7,SA4A,SETS OF STAGE STEPS,6.0
7,SA4A,MEETING ROOM CHAIRS,2050.0
7,SA4A,PODIUM,3.0
7,SB3-5,MEETING ROOM CHAIRS,105.54861108299997
7,SB5-2,16 RISERS 6 X 8,2.0
7,SB5-2,24 RISERS 6 X 8,9.0
7,SB5-2,PODIUM,3.0
7,SB5-2,MEETING ROOM CHAIRS,478.0
7,SB5-2,SETS OF STAGE STEPS,6.0
7,SA3D,SETS OF STAGE STEPS,6.0
7,SA3D,PODIUM,9.0
7,SB5-1,16 RISERS 6 X 8,1.0
7,SB5-1,MEETING ROOM CHAIRS,983.0
7,SB2-1,MEETING ROOM CHAIRS,973.0
7,SB2-1,PODIUM,4.0
7,SC3-2,16 RISERS 6 X 8,11.0
7,SC3-2,SETS OF STAGE STEPS,9.0
7,SC3-2,MEETING ROOM CHAIRS,111.0
7,SC3-2,PODIUM,7.0
7,SB2-6,16 RISERS 6 X 8,13.0
7,SB2-6,24 RISERS 6 X 8,9.0
7,SB2-6,6 X 18 TABLES,24.0
7,SB2-6,PODIUM,9.0
7,SB2-6,SETS OF STAGE STEPS,17.0
7,SB2-6,6 X 30 TABLES,3.0
7,SB2-6,66 ROUND TABLES,186.0
7,SB2-6,MEETING ROOM CHAIRS,1823.0
7,SB4-9,24 RISERS 6 X 8,3.0
7,SB4-9,8 X 30 TABLES,333.0
7,SB4-9,MEETING ROOM CHAIRS,895.0
7,SC2-4,8 X 18 TABLES,29.0
7,SC2-4,6 X 18 TABLES,19.0
7,SC2-4,30 STAND UP ROUNDS,13.0
7,SC2-4,PODIUM,2.0
7,SC2-4,SETS OF STAGE STEPS,1.0
7,SC2-4,6 X 30 TABLES,9.0
7,SC2-4,8 X 30 TABLES,14.0
7,SC2-4,66 ROUND TABLES,12.0
7,SC2-4,MEETING ROOM CHAIRS,36.0
7,SC2-4,30 COCKTAIL ROUNDS,16.0
8,SB3-12,8 X 18 TABLES,266.0
8,SB3-12,8 X 30 TABLES,265.0
8,SB3-12,66 ROUND TABLES,231.0
8,SB3-12,MEETING ROOM CHAIRS,316.0
8,SB3-12,6 X 30 TABLES,177.0
8,SA1DD,SETS OF STAGE STEPS,10.0
8,SA1DD,24 RISERS 6 X 8,6.0
8,SA1DD,16 RISERS 6 X 8,23.0
8,SA1DD,MEETING ROOM CHAIRS,627.0
8,SA1DD,PODIUM,10.0
8,SA1CC,SETS OF STAGE STEPS,3.0
8,SA1CC,24 RISERS 6 X 8,13.0
8,SA1CC,MEETING ROOM CHAIRS,3546.0
8,SA1CC,PODIUM,1.0
8,SB4-2,16 RISERS 6 X 8,1.0
8,SB4-2,24 RISERS 6 X 8,3.0
8,SB4-2,PODIUM,3.0
8,SB4-2,SETS OF STAGE STEPS,6.0
8,SB4-2,8 X 30 TABLES,1.0
8,SB4-2,MEETING ROOM CHAIRS,478.0
8,SB3-11,16 RISERS 6 X 8,6.0
8,SB3-11,24 RISERS 6 X 8,6.0
8,SB3-11,6 X 18 TABLES,157.0
8,SB3-11,6 X 30 TABLES,156.0
8,SB3-11,8 X 30 TABLES,6.0
8,SB3-11,66 ROUND TABLES,64.0
8,SC3-1,16 RISERS 6 X 8,11.0
8,SC3-1,PODIUM,7.0
8,SC3-1,SETS OF STAGE STEPS,9.0
8,SC3-1,8 X 30 TABLES,3.0
8,SC3-1,66 ROUND TABLES,25.0
8,SC3-1,MEETING ROOM CHAIRS,111.0
8,SB4-9,24 RISERS 6 X 8,9.0
8,SB4-9,MEETING ROOM CHAIRS,895.0
8,SC2-4,8 X 18 TABLES,29.0
8,SC2-4,8 X 30 TABLES,14.0
8,SC2-4,6 X 18 TABLES,19.0
8,SC2-4,30 STAND UP ROUNDS,13.0
8,SC2-4,PODIUM,2.0
8,SC2-4,SETS OF STAGE STEPS,1.0
8,SC2-4,6 X 30 TABLES,9.0
8,SC2-4,66 ROUND TABLES,12.0
8,SC2-4,MEETING ROOM CHAIRS,36.0
8,SC2-4,30 COCKTAIL ROUNDS,16.0
8,SB2-3,MEETING ROOM CHAIRS,2548.0
8,SB4-3,24 RISERS 6 X 8,14.0
8,SB4-3,66 ROUND TABLES,61.0
8,SB4-3,MEETING ROOM CHAIRS,1161.0
8,SA4B,SETS OF STAGE STEPS,6.0
8,SA4B,16 RISERS 6 X 8,2.0
8,SA4B,MEETING ROOM CHAIRS,2050.0
8,SA4B,PODIUM,3.0
8,SB2-4,8 X 18 TABLES,53.0
8,SB2-4,6 X 18 TABLES,24.0
8,SB2-4,6 X 30 TABLES,3.0
8,SB3-10,8 X 18 TABLES,235.0
8,SB3-10,SETS OF STAGE STEPS,15.0
8,SB3-10,24 RISERS 6 X 8,6.0
8,SB3-10,8 X 30 TABLES,179.0
8,SB5-2,8 X 30 TABLES,13.0
8,SB5-2,66 ROUND TABLES,182.0
8,SB5-2,MEETING ROOM CHAIRS,26.0
8,SB5-2,6 X 30 TABLES,2.0
8,SA3D,SETS OF STAGE STEPS,6.0
8,SA3D,PODIUM,9.0
8,SB3-4,8 X 18 TABLES,120.99999999999999
8,SB3-4,6 X 18 TABLES,80.0
8,SB3-4,30 STAND UP ROUNDS,46.0
8,SB3-4,6 X 30 TABLES,81.0
8,SB3-4,8 X 30 TABLES,60.0
8,SB3-4,66 ROUND TABLES,321.0
8,SB3-4,MEETING ROOM CHAIRS,901.0
8,SB3-4,30 COCKTAIL ROUNDS,36.0
8,SB2-1,66 ROUND TABLES,289.0
8,SB2-1,MEETING ROOM CHAIRS,973.0
8,SB2-1,PODIUM,4.0
8,SB4-4,8 X 18 TABLES,1.4210854715202004e-14
8,SB2-6,SETS OF STAGE STEPS,6.0
8,SB2-6,24 RISERS 6 X 8,8.0
8,SB2-6,PODIUM,6.0
8,SB2-6,MEETING ROOM CHAIRS,1890.0
8,SB2-6,16 RISERS 6 X 8,19.0
8,SA3M,SETS OF STAGE STEPS,2.0
8,SA3M,PODIUM,2.0
8,SB3-6,66 ROUND TABLES,102.0
8,SB3-6,MEETING ROOM CHAIRS,796.0
8,SB3-6,PODIUM,6.0
9,SB3-12,SETS OF STAGE STEPS,8.0
9,SB3-12,24 RISERS 6 X 8,23.0
9,SB3-12,MEETING ROOM CHAIRS,1099.0
9,SB3-12,30 STAND UP ROUNDS,46.0
9,SB3-12,16 RISERS 6 X 8,11.0
9,SA1DD,16 RISERS 6 X 8,18.0
9,SA1DD,MEETING ROOM CHAIRS,505.0
9,SC3-1,8 X 18 TABLES,675.0
9,SC3-1,16 RISERS 6 X 8,11.0
9,SC3-1,6 X 18 TABLES,261.0
9,SC3-1,6 X 30 TABLES,417.0
9,SC3-1,SETS OF STAGE STEPS,9.0
9,SC3-1,8 X 30 TABLES,447.0
9,SC3-1,66 ROUND TABLES,752.0
9,SC3-1,MEETING ROOM CHAIRS,111.0
9,SC3-1,PODIUM,7.0
9,SB4-9,SETS OF STAGE STEPS,15.0
9,SB4-9,24 RISERS 6 X 8,9.0
9,SB4-9,MEETING ROOM CHAIRS,1186.0
9,SB4-9,PODIUM,6.0
9,SB2-4,24 RISERS 6 X 8,2.0
9,SB2-4,8 X 30 TABLES,6.0
9,SB2-4,MEETING ROOM CHAIRS,1360.0
9,SB2-3,16 RISERS 6 X 8,3.0
9,SB2-3,24 RISERS 6 X 8,3.0
9,SB2-3,PODIUM,9.0
9,SB2-3,8 X 30 TABLES,60.0
9,SB2-3,66 ROUND TABLES,52.0
9,SB2-3,MEETING ROOM CHAIRS,1838.0
9,SB2-3,30 COCKTAIL ROUNDS,36.0
9,SA4B,SETS OF STAGE STEPS,6.0
9,SA4B,MEETING ROOM CHAIRS,2050.0
9,SA4B,PODIUM,3.0
9,SA3M,SETS OF STAGE STEPS,2.0
9,SA3M,PODIUM,2.0
9,SA1C,SETS OF STAGE STEPS,3.0
9,SA1C,24 RISERS 6 X 8,13.0
9,SA1C,MEETING ROOM CHAIRS,3546.0
9,SA1C,PODIUM,1.0
9,SB5-2,MEETING ROOM CHAIRS,246.0
9,SA3D,SETS OF STAGE STEPS,4.0
9,SA3D,PODIUM,9.0
9,SB5-1,SETS OF STAGE STEPS,6.0
9,SB5-1,24 RISERS 6 X 8,3.0
9,SB5-1,MEETING ROOM CHAIRS,478.0
9,SB5-1,PODIUM,3.0
9,SB2-1,66 ROUND TABLES,289.0
9,SB2-1,MEETING ROOM CHAIRS,973.0
9,SB2-1,PODIUM,4.0
9,SB2-6,SETS OF STAGE STEPS,8.0
9,SB2-6,24 RISERS 6 X 8,12.0
9,SB2-6,16 RISERS 6 X 8,17.0
9,SB2-6,MEETING ROOM CHAIRS,2900.0
9,SB2-6,PODIUM,7.0
9,SC2-4,8 X 18 TABLES,29.0
9,SC2-4,8 X 30 TABLES,14.0
9,SC2-4,6 X 18 TABLES,19.0
9,SC2-4,30 STAND UP ROUNDS,13.0
9,SC2-4,PODIUM,2.0
9,SC2-4,SETS OF STAGE STEPS,1.0
9,SC2-4,6 X 30 TABLES,9.0
9,SC2-4,66 ROUND TABLES,12.0
9,SC2-4,MEETING ROOM CHAIRS,36.0
9,SC2-4,30 COCKTAIL ROUNDS,16.0
10,SB3-13,16 RISERS 6 X 8,1.0
10,SB3-13,24 RISERS 6 X 8,14.0
10,SB3-13,MEETING ROOM CHAIRS,656.0
10,SB3-2,MEETING ROOM CHAIRS,859.0
10,SB3-4,MEETING ROOM CHAIRS,824.0
10,SB3-7,MEETING ROOM CHAIRS,478.0
10,SA4A,16 RISERS 6 X 8,2.0
10,SA4A,PODIUM,3.0
10,SA4A,SETS OF STAGE STEPS,6.0
10,SA4A,8 X 30 TABLES,13.0
10,SA4A,66 ROUND TABLES,182.0
10,SA4A,MEETING ROOM CHAIRS,2050.0
10,SC2-5,8 X 18 TABLES,29.0
10,SC2-5,8 X 30 TABLES,14.0
10,SC2-5,6 X 18 TABLES,19.0
10,SC2-5,30 STAND UP ROUNDS,13.0
10,SC2-5,PODIUM,2.0
10,SC2-5,SETS OF STAGE STEPS,1.0
10,SC2-5,6 X 30 TABLES,9.0
10,SC2-5,66 ROUND TABLES,12.0
10,SC2-5,MEETING ROOM CHAIRS,36.0
10,SC2-5,30 COCKTAIL ROUNDS,16.0
10,SB4-1,16 RISERS 6 X 8,3.0
10,SB4-1,24 RISERS 6 X 8,3.0
10,SB4-1,PODIUM,1.0
10,SB4-1,SETS OF STAGE STEPS,2.0
10,SB4-1,8 X 30 TABLES,1.0
10,SB4-1,MEETING ROOM CHAIRS,149.0
10,SB5-1,SETS OF STAGE STEPS,2.0
10,SB4-8,MEETING ROOM CHAIRS,501.0
10,SB3-8,SETS OF STAGE STEPS,15.0
10,SB3-8,24 RISERS 6 X 8,6.0
10,SB3-8,MEETING ROOM CHAIRS,291.0
10,SB3-8,PODIUM,6.0
10,SB3-10,MEETING ROOM CHAIRS,506.0
10,SB2-5,16 RISERS 6 X 8,4.0
10,SB2-5,PODIUM,3.0
10,SB2-5,MEETING ROOM CHAIRS,526.0
10,SB2-5,SETS OF STAGE STEPS,2.0
10,SB3-11,24 RISERS 6 X 8,2.0
10,SB3-11,8 X 30 TABLES,6.0
10,SB3-11,MEETING ROOM CHAIRS,501.0
10,SC3-1,8 X 18 TABLES,675.0
10,SC3-1,16 RISERS 6 X 8,11.0
10,SC3-1,6 X 18 TABLES,261.0
10,SC3-1,6 X 30 TABLES,419.0
10,SC3-1,SETS OF STAGE STEPS,9.0
10,SC3-1,8 X 30 TABLES,447.0
10,SC3-1,66 ROUND TABLES,752.0
10,SC3-1,MEETING ROOM CHAIRS,111.0
10,SC3-1,PODIUM,7.0
10,SB3-6,MEETING ROOM CHAIRS,505.0
10,SB3-9,16 RISERS 6 X 8,10.0
10,SB3-9,24 RISERS 6 X 8,9.0
10,SB3-9,MEETING ROOM CHAIRS,443.0
10,SA3M,SETS OF STAGE STEPS,2.0
10,SA3M,PODIUM,2.0
10,SA1C,SETS OF STAGE STEPS,3.0
10,SA1C,24 RISERS 6 X 8,13.0
10,SA1C,16 RISERS 6 X 8,17.0
10,SA1C,MEETING ROOM CHAIRS,3546.0
10,SA1C,PODIUM,1.0
10,SB4-6,16 RISERS 6 X 8,10.0
10,SB4-6,24 RISERS 6 X 8,9.0
10,SB4-6,PODIUM,3.0
10,SB4-6,MEETING ROOM CHAIRS,446.0
10,SB4-6,SETS OF STAGE STEPS,4.0
10,SA3D,SETS OF STAGE STEPS,4.0
10,SA3D,PODIUM,9.0
10,SB3-3,16 RISERS 6 X 8,3.0
10,SB3-3,24 RISERS 6 X 8,3.0
10,SB3-3,30 STAND UP ROUNDS,46.0
10,SB3-3,PODIUM,9.0
10,SB3-3,SETS OF STAGE STEPS,8.0
10,SB3-3,8 X 30 TABLES,60.0
10,SB3-3,66 ROUND TABLES,52.0
10,SB3-3,MEETING ROOM CHAIRS,149.0
10,SB3-3,30 COCKTAIL ROUNDS,36.0
10,SB2-1,66 ROUND TABLES,289.0
10,SB2-1,MEETING ROOM CHAIRS,2114.0
10,SB2-1,PODIUM,4.0
10,SB4-4,16 RISERS 6 X 8,1.0
10,SB4-4,24 RISERS 6 X 8,3.0
10,SB4-4,PODIUM,3.0
10,SB4-4,MEETING ROOM CHAIRS,478.0
10,SB4-4,SETS OF STAGE STEPS,6.0
10,SB4-5,MEETING ROOM CHAIRS,290.0
10,SB4-10,24 RISERS 6 X 8,3.0
10,SB4-10,MEETING ROOM CHAIRS,895.0
